customer_id,first_name,last_name,email,phone_number,birthdate
1,Ammamaria,Ebbage,aebbage0@360.cn,245-611-4415,11/30/1958
2,Sasha,Laskey,slaskey1@cisco.com,998-708-5100,1/14/1987
3,Katharina,Morshead,kmorshead2@so-net.ne.jp,924-487-6089,11/8/1963
4,Jarvis,Molnar,jmolnar3@smh.com.au,966-225-9062,3/5/1973
5,Annetta,Laxson,alaxson4@prnewswire.com,345-836-6037,12/10/1925
6,Corilla,Janeway,cjaneway5@go.com,896-931-6921,12/25/1903
7,Tonie,Turmel,tturmel6@ocn.ne.jp,528-589-3807,2/9/1914
8,Engelbert,Theobald,etheobald7@zdnet.com,711-214-6584,11/21/1973
9,Kym,Loude,kloude8@weather.com,876-569-7326,1/23/1981
10,Rog,Warin,rwarin9@tuttocitta.it,826-162-5974,5/31/1944
11,Jon,Skerritt,jskerritta@over-blog.com,917-167-7006,12/21/1904
12,Jude,Renard,jrenardb@google.ca,156-912-1075,2/9/1943
13,Ernesta,Gannan,egannanc@bravesites.com,535-902-6001,4/20/1936
14,Teresita,Powell,tpowelld@joomla.org,214-275-0307,11/19/1960
15,Graham,Albon,galbone@weather.com,715-465-3746,10/26/1917
16,Barthel,Alibone,balibonef@bravesites.com,746-687-7267,11/5/1904
17,Vladimir,Quantrell,vquantrellg@goo.gl,255-317-5039,4/5/1925
18,Lothario,Dearlove,ldearloveh@technorati.com,827-954-2854,1/6/1987
19,Bonnee,De Hailes,bdehailesi@fc2.com,800-933-8661,10/25/1954
20,Obed,Howgate,ohowgatej@google.cn,703-233-9752,3/3/1990
21,Isa,Brezlaw,ibrezlawk@hibu.com,439-831-4623,11/6/1913
22,Alf,Wenzel,awenzell@tiny.cc,185-646-7987,7/26/1998
23,Demetra,Pittet,dpittetm@live.com,285-488-5522,5/5/1957
24,Alex,Ierland,aierlandn@goodreads.com,628-540-7149,5/19/1911
25,Jareb,Zukierman,jzukiermano@paypal.com,570-793-5646,6/8/1973
26,Yul,Michie,ymichiep@hao123.com,252-518-8245,4/13/2000
27,Kathryne,Veivers,kveiversq@g.co,194-206-8275,7/11/1928
28,Letty,Maher,lmaherr@wsj.com,442-258-9780,3/18/1933
29,Ciel,Spileman,cspilemans@independent.co.uk,436-210-1860,8/4/1944
30,Linnie,Franz,lfranzt@usatoday.com,939-199-6949,6/18/1933
31,Jobi,Allmann,jallmannu@yahoo.com,360-141-6721,5/28/1940
32,Dedie,Fumagall,dfumagallv@tiny.cc,133-614-1875,12/31/1980
33,Silvio,Duncanson,sduncansonw@rediff.com,572-886-6630,1/2/1919
34,Roanne,Daughtry,rdaughtryx@usnews.com,586-166-9564,1/30/1968
35,Danita,Castellanos,dcastellanosy@mac.com,571-735-1039,8/13/1926
36,Evyn,Gansbuhler,egansbuhlerz@dyndns.org,173-181-3563,11/2/1929
37,Jermayne,Estick,jestick10@uol.com.br,483-968-5147,8/8/1963
38,Osborn,Chevis,ochevis11@unc.edu,729-778-6997,2/27/1932
39,Mile,Stickells,mstickells12@msn.com,917-108-3225,3/26/1904
40,Tate,Nehlsen,tnehlsen13@elpais.com,868-799-7760,3/3/1936
41,Junette,Flaune,jflaune14@about.me,569-275-0781,11/25/1956
42,Nicoline,Selwood,nselwood15@walmart.com,228-209-9012,9/22/1949
43,Meridel,Jakubovics,mjakubovics16@sphinn.com,177-710-7736,6/2/1901
44,Gerome,Corderoy,gcorderoy17@pbs.org,357-937-1479,2/12/1909
45,Rene,Perillo,rperillo18@cdbaby.com,592-888-2077,4/12/1949
46,Orbadiah,Waggett,owaggett19@bbc.co.uk,621-567-7100,12/6/1901
47,Valentina,Whitmell,vwhitmell1a@cloudflare.com,383-377-3084,11/1/1900
48,Jennee,Speaks,jspeaks1b@last.fm,770-148-0282,5/30/1912
49,Danita,Comazzo,dcomazzo1c@prnewswire.com,407-804-5801,3/3/1980
50,Yale,Harpham,yharpham1d@cnet.com,500-497-8067,2/15/1939
51,Earl,Turle,eturle1e@skype.com,512-923-5410,9/29/1971
52,Karly,Sheavills,ksheavills1f@amazon.de,413-139-0312,12/9/1910
53,Kiley,Guerreau,kguerreau1g@live.com,689-166-9453,5/6/1958
54,Connie,Glew,cglew1h@rambler.ru,838-594-1358,6/16/1940
55,Muffin,Cluley,mcluley1i@furl.net,642-380-9502,12/4/1928
56,Anabella,Ruvel,aruvel1j@latimes.com,344-156-5911,5/2/1916
57,Tucker,Rodenborch,trodenborch1k@wunderground.com,553-208-9431,8/13/1999
58,Constantin,Dilliway,cdilliway1l@imdb.com,649-178-0086,10/11/1904
59,Shay,Piers,spiers1m@hp.com,862-237-1468,10/21/1921
60,Christean,Ashleigh,cashleigh1n@hugedomains.com,114-146-3343,10/31/1906
61,Wadsworth,Hawker,whawker1o@zimbio.com,112-643-5657,6/10/1946
62,Ignacio,Beldam,ibeldam1p@stumbleupon.com,231-411-2430,8/13/1980
63,Mario,Witherington,mwitherington1q@hatena.ne.jp,716-814-0813,5/11/1960
64,Sutherlan,Springford,sspringford1r@ovh.net,645-168-2380,10/25/1930
65,Michele,Quan,mquan1s@sbwire.com,277-979-5974,12/12/1973
66,Gay,Piola,gpiola1t@dmoz.org,800-210-9486,2/16/1958
67,Elisabet,Cobelli,ecobelli1u@ocn.ne.jp,424-203-7646,3/10/1913
68,Danny,Fallowes,dfallowes1v@google.nl,773-798-4638,1/1/1965
69,Nessy,Kezar,nkezar1w@netvibes.com,474-766-7640,6/20/1957
70,Perle,Atack,patack1x@miitbeian.gov.cn,996-470-8619,11/21/1928
71,Ike,Francklin,ifrancklin1y@trellian.com,442-970-4638,8/1/1960
72,Lauree,Riding,lriding1z@twitpic.com,614-742-1176,3/18/1932
73,Arliene,Lickorish,alickorish20@reuters.com,694-148-4020,1/12/1970
74,Gerald,Trigg,gtrigg21@trellian.com,523-553-3980,9/16/2001
75,Suzette,Prawle,sprawle22@hao123.com,722-746-5329,10/4/1901
76,Evvy,Parrot,eparrot23@icio.us,295-657-3960,2/13/1961
77,Tucker,Beevers,tbeevers24@about.me,678-862-5519,12/3/1958
78,Trenna,Eustace,teustace25@webs.com,816-358-7462,10/21/1923
79,Fran,Cometto,fcometto26@imdb.com,768-538-2780,10/31/1965
80,Mira,Rafter,mrafter27@apple.com,653-340-0680,6/3/1955
81,Carlos,Fullbrook,cfullbrook28@reddit.com,458-316-9511,6/10/1926
82,Nels,Stichel,nstichel29@disqus.com,871-936-5725,7/9/1976
83,Lew,Fery,lfery2a@addtoany.com,205-506-4798,10/1/1998
84,Haily,Grishelyov,hgrishelyov2b@tiny.cc,145-307-8117,12/21/1930
85,Luella,Fader,lfader2c@g.co,748-615-6742,10/19/1969
86,Theodoric,Christophe,tchristophe2d@mapquest.com,581-104-3875,2/27/1926
87,Rebe,Manston,rmanston2e@twitter.com,140-849-9744,11/1/1903
88,Darci,Jachimiak,djachimiak2f@friendfeed.com,627-336-0472,7/22/1932
89,Wilfred,Raffles,wraffles2g@sitemeter.com,383-527-3800,6/15/1944
90,Langsdon,Brafferton,lbrafferton2h@utexas.edu,271-146-1368,2/15/1922
91,Rudolph,Armatidge,rarmatidge2i@cmu.edu,379-212-9816,1/24/2002
92,Ignazio,Middleweek,imiddleweek2j@huffingtonpost.com,938-669-0650,6/5/1946
93,Ignacius,Grier,igrier2k@360.cn,237-287-2424,11/29/1973
94,Sophi,Lofting,slofting2l@ted.com,888-465-3721,10/11/1986
95,Garrard,Govinlock,ggovinlock2m@imageshack.us,924-785-2216,7/22/1999
96,Lolita,Mowles,lmowles2n@wsj.com,307-360-0578,6/25/1947
97,Bobby,Keirle,bkeirle2o@typepad.com,322-720-5617,12/30/1940
98,Ferd,Cassey,fcassey2p@slashdot.org,210-264-7520,3/21/1936
99,Dayna,Stodart,dstodart2q@artisteer.com,665-466-5542,12/24/1906
100,Milty,Dixcee,mdixcee2r@cornell.edu,772-158-0947,10/23/1994
101,Solomon,Caraher,scaraher2s@fema.gov,969-456-0101,10/23/1983
102,Woodman,McAsgill,wmcasgill2t@arstechnica.com,915-712-4872,4/1/2001
103,Karel,Battill,kbattill2u@google.com.hk,846-111-7060,3/16/2002
104,Mame,Shufflebotham,mshufflebotham2v@is.gd,746-591-0704,3/25/1912
105,Stanton,Bruni,sbruni2w@webeden.co.uk,525-915-8306,7/16/1943
106,Nathalie,Browse,nbrowse2x@naver.com,549-245-6640,7/10/1912
107,Arnie,Stenett,astenett2y@sohu.com,330-948-4685,6/23/1909
108,Ase,Budgen,abudgen2z@sciencedirect.com,288-833-3814,7/23/1957
109,Lotta,Giampietro,lgiampietro30@opensource.org,566-253-1360,5/22/1955
110,Yule,Willgress,ywillgress31@clickbank.net,212-901-9343,7/3/1940
111,Lisabeth,Dunsmuir,ldunsmuir32@over-blog.com,411-376-7648,7/12/1949
112,Lynnelle,Hazlehurst,lhazlehurst33@bandcamp.com,576-687-7597,4/19/2001
113,Wyatt,Pedican,wpedican34@cmu.edu,147-787-8488,4/12/1926
114,Hermina,Cissell,hcissell35@techcrunch.com,502-686-8414,2/18/1905
115,Feliza,Stubbington,fstubbington36@php.net,921-502-6907,10/26/1906
116,Ado,Gerriet,agerriet37@dot.gov,573-437-4375,4/27/1996
117,Lamar,Freen,lfreen38@printfriendly.com,535-778-7093,1/30/1939
118,Giorgia,Skippon,gskippon39@pinterest.com,731-811-8769,4/30/1953
119,Marshall,Boecke,mboecke3a@geocities.jp,321-962-6790,3/12/1941
120,Godfrey,Clayworth,gclayworth3b@geocities.com,465-656-8930,7/13/1962
121,Orville,Giovannilli,ogiovannilli3c@upenn.edu,428-624-0004,12/16/1975
122,Addie,Petras,apetras3d@foxnews.com,149-823-1594,2/8/1914
123,Amelita,Dohmer,adohmer3e@cpanel.net,602-618-4842,1/18/1904
124,Madeleine,Cosbey,mcosbey3f@ucsd.edu,130-904-0246,5/5/1995
125,Zara,McConnulty,zmcconnulty3g@ihg.com,598-557-8594,6/21/1902
126,Terrell,Gilberthorpe,tgilberthorpe3h@xinhuanet.com,462-662-8166,12/17/1953
127,Liv,Hesbrook,lhesbrook3i@example.com,797-919-5452,7/10/1948
128,Edna,Cubin,ecubin3j@angelfire.com,427-469-3771,10/28/1911
129,Alexa,Fayerman,afayerman3k@shutterfly.com,774-884-7957,12/17/1997
130,Fremont,Paaso,fpaaso3l@latimes.com,415-337-3970,1/18/1941
131,Meriel,Borrill,mborrill3m@theguardian.com,301-989-2662,11/26/1985
132,Eberto,Ferrillio,eferrillio3n@lycos.com,422-297-9682,6/4/1917
133,Barny,Spruce,bspruce3o@ca.gov,515-535-8923,9/29/1993
134,Elihu,Dace,edace3p@dailymail.co.uk,431-765-2535,10/3/2002
135,Hunter,O'Shavlan,hoshavlan3q@huffingtonpost.com,113-311-6339,6/4/1945
136,Jacquetta,Sangar,jsangar3r@amazon.co.jp,924-561-6456,7/5/1980
137,Glynnis,Kleinbaum,gkleinbaum3s@state.gov,369-296-8467,8/16/2000
138,Raeann,Toppin,rtoppin3t@nature.com,363-385-8008,6/9/1993
139,Sammie,Highwood,shighwood3u@pbs.org,920-162-1691,11/3/1969
140,Sanders,Kubek,skubek3v@wufoo.com,228-362-6397,7/21/1927
141,Quincey,Dalzell,qdalzell3w@elegantthemes.com,498-335-2701,6/28/1901
142,Kassia,Ventris,kventris3x@youtu.be,229-608-4880,4/24/1948
143,Bradly,MacBey,bmacbey3y@cpanel.net,306-311-9724,1/13/1999
144,Caz,Hudd,chudd3z@geocities.jp,650-428-3869,11/5/1998
145,Stirling,Mickelwright,smickelwright40@hc360.com,458-846-7043,4/19/1943
146,Clotilda,Duell,cduell41@blogspot.com,876-526-5339,12/30/1927
147,Thelma,Ranklin,tranklin42@google.ru,923-902-2448,4/10/1926
148,Jocelyn,Gammell,jgammell43@123-reg.co.uk,519-106-7431,2/17/1954
149,Caritta,Ronci,cronci44@cnet.com,503-324-3617,8/7/1954
150,Alyssa,Bresman,abresman45@php.net,587-309-7997,7/19/1946
151,Munroe,Jeandin,mjeandin46@digg.com,616-882-6799,3/15/1965
152,Court,Golby,cgolby47@desdev.cn,274-752-0510,6/9/1971
153,Reggie,Ramage,rramage48@imageshack.us,641-972-4946,11/25/1917
154,Veronika,Shobbrook,vshobbrook49@sohu.com,222-868-6573,9/18/1924
155,Tiff,Prudence,tprudence4a@canalblog.com,114-767-0064,7/13/1977
156,Corabella,Dicks,cdicks4b@discovery.com,855-262-0154,1/2/1993
157,Bernetta,De Cristoforo,bdecristoforo4c@parallels.com,430-109-2429,5/21/1917
158,Olga,Faust,ofaust4d@skype.com,385-498-7818,2/19/1965
159,Vassili,Sigg,vsigg4e@home.pl,330-922-2053,7/9/1949
160,Koren,Ogborne,kogborne4f@dot.gov,368-476-9385,4/8/1913
161,Lindsay,Veall,lveall4g@google.es,385-863-6766,2/5/1911
162,Titus,Noury,tnoury4h@wikia.com,858-456-3330,6/4/1946
163,Camellia,Ladbrook,cladbrook4i@blog.com,952-507-1096,7/7/1918
164,Beverie,Overpool,boverpool4j@ft.com,638-579-0309,11/26/1918
165,Zea,Bitterton,zbitterton4k@infoseek.co.jp,606-840-8822,10/11/1913
166,Trixy,Wearden,twearden4l@harvard.edu,505-185-1880,6/13/1921
167,Noelle,Sisley,nsisley4m@berkeley.edu,451-430-2731,4/15/1965
168,Aluin,Rosenhaupt,arosenhaupt4n@t-online.de,344-106-2226,3/23/1910
169,Rosaline,Blaine,rblaine4o@moonfruit.com,430-465-2704,2/27/1936
170,Calypso,Hyndson,chyndson4p@is.gd,828-412-0150,1/27/1956
171,Hi,Lashmar,hlashmar4q@buzzfeed.com,559-715-7893,2/18/1929
172,Any,Dmitrichenko,admitrichenko4r@bizjournals.com,133-440-1960,5/27/1913
173,Dani,McIver,dmciver4s@stumbleupon.com,241-823-4842,11/23/1927
174,Pru,Ivantyev,pivantyev4t@bluehost.com,213-248-3346,4/2/1997
175,Dolf,Tumber,dtumber4u@shareasale.com,740-449-9487,8/8/1986
176,Iggie,Bozward,ibozward4v@google.cn,590-301-4202,1/25/2002
177,Zebadiah,Clere,zclere4w@prlog.org,468-977-7230,9/23/1914
178,Babara,Dowson,bdowson4x@umich.edu,741-528-8055,4/22/1935
179,Corby,Verdon,cverdon4y@cisco.com,996-603-6371,9/2/1994
180,Nickie,Bick,nbick4z@devhub.com,638-403-5421,12/30/1926
181,Jacquenetta,Voller,jvoller50@earthlink.net,498-778-5703,5/5/1948
182,Iona,Smedmoor,ismedmoor51@lulu.com,784-747-8819,12/7/1947
183,Hyacinthia,Noot,hnoot52@mysql.com,376-780-4234,1/18/1900
184,Cherish,Gillhespy,cgillhespy53@stumbleupon.com,818-416-0183,9/20/1965
185,Brita,Godsil,bgodsil54@auda.org.au,124-259-9412,9/16/1934
186,Bentlee,Brantl,bbrantl55@shinystat.com,906-980-2384,10/9/1908
187,Lil,Brosi,lbrosi56@fc2.com,704-374-8263,10/16/1974
188,Lizbeth,Shurrocks,lshurrocks57@dagondesign.com,869-545-3916,6/9/1992
189,Camile,Stuer,cstuer58@phoca.cz,108-102-0285,11/8/1923
190,Ciro,Braznell,cbraznell59@home.pl,999-471-6311,11/11/1963
191,Dollie,Hugin,dhugin5a@skyrock.com,761-195-2289,6/14/2001
192,Vivienne,Pecey,vpecey5b@yellowbook.com,170-569-6876,8/25/1984
193,Euphemia,Khomin,ekhomin5c@fema.gov,388-655-9825,5/6/1902
194,Alon,Skym,askym5d@wp.com,227-271-2834,5/14/1997
195,Antonin,Eriksson,aeriksson5e@elegantthemes.com,481-109-9349,10/20/1912
196,Rayna,Drillot,rdrillot5f@networksolutions.com,963-243-5548,8/28/1944
197,Sylvia,Worham,sworham5g@eepurl.com,767-466-8064,11/10/1910
198,Kiah,Benedit,kbenedit5h@typepad.com,954-994-5148,5/18/1977
199,Giffer,Sandaver,gsandaver5i@quantcast.com,828-557-6778,1/3/1963
200,Reggi,Vanyashkin,rvanyashkin5j@apache.org,530-205-2855,12/7/1954
201,Gertruda,Leyzell,gleyzell5k@fotki.com,760-461-3212,2/14/1971
202,Emeline,Kunisch,ekunisch5l@archive.org,588-429-7053,12/2/1955
203,Terencio,Whissell,twhissell5m@telegraph.co.uk,378-928-9963,7/21/1915
204,Ansley,Mixture,amixture5n@linkedin.com,145-406-3677,6/12/1974
205,Alexio,MacRirie,amacririe5o@qq.com,922-540-3035,7/20/1983
206,Dewey,Skupinski,dskupinski5p@twitpic.com,854-716-0867,11/19/1951
207,Wandis,Coppledike,wcoppledike5q@foxnews.com,323-929-9240,9/30/1988
208,Missie,Bangiard,mbangiard5r@disqus.com,322-702-2838,3/31/1997
209,Amos,Bullivent,abullivent5s@cpanel.net,164-317-2018,12/2/1910
210,Meir,Chorlton,mchorlton5t@berkeley.edu,813-197-6203,7/29/1916
211,Loella,Rapley,lrapley5u@skyrock.com,747-864-0985,10/10/1956
212,Svend,Stammer,sstammer5v@java.com,114-984-2320,12/5/1964
213,Brander,Morison,bmorison5w@omniture.com,624-554-3137,3/24/1964
214,Oralle,Feldstern,ofeldstern5x@hp.com,404-947-9680,11/10/1963
215,Fancy,Overnell,fovernell5y@census.gov,413-154-4260,8/5/1937
216,Carroll,Cohani,ccohani5z@t-online.de,694-960-2348,8/14/1959
217,Jean,Dronsfield,jdronsfield60@macromedia.com,181-711-1115,1/26/1979
218,Rickard,Tamlett,rtamlett61@pinterest.com,429-567-9917,5/29/1909
219,Lizette,Linley,llinley62@google.fr,752-107-9504,6/19/1933
220,Orly,Silburn,osilburn63@latimes.com,718-910-4731,7/18/1963
221,Candi,Rude,crude64@sitemeter.com,270-576-1950,8/16/1994
222,Piper,Goom,pgoom65@washingtonpost.com,969-347-4561,8/26/1962
223,Orion,Rosborough,orosborough66@usatoday.com,962-358-5299,3/6/1935
224,Maureen,Hallen,mhallen67@cnbc.com,581-189-5166,8/26/1992
225,Marcello,Polle,mpolle68@vistaprint.com,382-308-0439,6/22/1925
226,Jessi,Jaffra,jjaffra69@discovery.com,834-862-4586,8/6/1943
227,Gregor,Goodsall,ggoodsall6a@java.com,841-798-4731,2/19/1909
228,Myrilla,Poxson,mpoxson6b@pcworld.com,520-548-5818,4/8/1978
229,Kasper,Lubbock,klubbock6c@census.gov,616-166-7950,10/26/1947
230,Ellerey,Avramchik,eavramchik6d@cornell.edu,453-293-0119,6/12/1913
231,Sibbie,Wilmington,swilmington6e@over-blog.com,261-938-7797,3/6/1949
232,Heloise,Beadles,hbeadles6f@quantcast.com,564-238-4858,3/27/1973
233,Delly,Tallyn,dtallyn6g@amazon.de,519-305-7992,5/27/1910
234,Ardelia,Sibly,asibly6h@shutterfly.com,992-407-9611,9/2/1929
235,Hedvig,Scardefield,hscardefield6i@eepurl.com,282-394-8060,6/10/1980
236,Shirley,Hulson,shulson6j@example.com,719-166-2029,5/23/1987
237,Jacquetta,McConway,jmcconway6k@cmu.edu,328-186-5464,10/22/1993
238,Evan,Gavey,egavey6l@pbs.org,312-308-8863,9/7/1904
239,Dede,Cockshott,dcockshott6m@tumblr.com,967-193-4342,4/11/1900
240,Lainey,Ruscoe,lruscoe6n@livejournal.com,275-709-1095,11/17/1904
241,Francesca,Hallifax,fhallifax6o@businessinsider.com,665-821-2450,8/26/1932
242,Merissa,Olliff,molliff6p@purevolume.com,846-796-3698,11/17/1904
243,Kevin,Askey,kaskey6q@comcast.net,713-763-5054,12/13/1945
244,Tait,Stratford,tstratford6r@cloudflare.com,471-292-0137,7/12/1943
245,Gerri,Canero,gcanero6s@nba.com,386-226-0099,10/1/1949
246,Bond,Crady,bcrady6t@seattletimes.com,535-643-3058,10/25/1909
247,Lotta,Cornuau,lcornuau6u@ning.com,264-388-3152,1/12/1938
248,Doralynn,Vowdon,dvowdon6v@jigsy.com,327-896-3733,4/5/1928
249,Trumann,Sinney,tsinney6w@globo.com,540-933-8894,10/10/1953
250,Allayne,Shrimpling,ashrimpling6x@disqus.com,985-405-3277,4/26/1958
251,Claresta,Tinniswood,ctinniswood6y@elegantthemes.com,882-879-7547,8/5/1999
252,Dan,Lazare,dlazare6z@macromedia.com,601-406-8523,4/1/1959
253,Natalie,Rizzelli,nrizzelli70@baidu.com,171-440-0991,3/7/1930
254,Ari,Mobley,amobley71@linkedin.com,950-426-1371,11/28/1976
255,Aldon,Doelle,adoelle72@webeden.co.uk,385-610-8158,7/10/1934
256,Willa,Pavitt,wpavitt73@craigslist.org,497-121-4760,12/5/1946
257,Sayre,Itzcak,sitzcak74@bizjournals.com,660-407-0850,1/4/1974
258,Idalia,Mandy,imandy75@google.co.uk,127-457-0026,5/10/1998
259,Dodie,Heifer,dheifer76@apache.org,725-301-6132,5/12/1986
260,Elna,Lowy,elowy77@ycombinator.com,606-386-6380,6/27/1952
261,Dene,Slatten,dslatten78@omniture.com,366-624-7742,4/18/1922
262,Garrick,Petracci,gpetracci79@opensource.org,225-325-9285,9/9/1936
263,Yard,Dresser,ydresser7a@symantec.com,778-529-1813,1/6/1944
264,Abdul,Hark,ahark7b@seesaa.net,848-130-5340,7/24/1986
265,Ahmad,Carbine,acarbine7c@ftc.gov,424-479-1835,8/15/1936
266,Titos,Stickels,tstickels7d@angelfire.com,797-775-2879,6/19/1932
267,Vinni,Tuma,vtuma7e@sciencedirect.com,266-223-9513,6/11/1964
268,Gretchen,Camings,gcamings7f@fema.gov,111-576-6258,12/27/1973
269,Romeo,Chalder,rchalder7g@yellowpages.com,719-948-9487,4/3/1949
270,Kitti,Faircliffe,kfaircliffe7h@stumbleupon.com,825-265-9475,4/9/1931
271,Lorrie,Matousek,lmatousek7i@jalbum.net,560-969-5764,12/29/1949
272,Indira,Godly,igodly7j@chron.com,789-812-3538,5/4/1991
273,Maudie,Puttergill,mputtergill7k@comsenz.com,534-159-9903,5/17/1917
274,Skye,Gopsell,sgopsell7l@stumbleupon.com,694-249-2744,11/17/1906
275,Boote,Sherbrooke,bsherbrooke7m@thetimes.co.uk,329-515-2128,4/7/1981
276,Kylila,Eymor,keymor7n@cornell.edu,497-745-0976,6/10/1916
277,Barrie,Eriksson,beriksson7o@shutterfly.com,773-221-6341,1/6/1975
278,Lurline,Wallach,lwallach7p@illinois.edu,869-606-4915,12/21/1956
279,Kelvin,Gutcher,kgutcher7q@digg.com,496-975-3361,2/25/1927
280,Kellen,Egdale,kegdale7r@admin.ch,290-908-2793,10/6/1941
281,Anjela,Chiplin,achiplin7s@myspace.com,485-218-7881,1/15/1968
282,Johannah,Dreinan,jdreinan7t@businesswire.com,840-627-7763,4/5/1970
283,Roger,Walkley,rwalkley7u@tmall.com,584-990-2961,6/25/1975
284,Jody,Clines,jclines7v@phoca.cz,571-300-2278,10/13/2000
285,Victoir,Goldney,vgoldney7w@reuters.com,683-485-3712,2/5/1900
286,Jourdan,Benedicte,jbenedicte7x@ihg.com,397-860-7888,5/27/1961
287,Rudy,Brinson,rbrinson7y@netlog.com,133-321-6765,2/21/1966
288,Desiri,Yurchenko,dyurchenko7z@archive.org,757-228-1216,6/22/1993
289,Genvieve,Wolfer,gwolfer80@wikipedia.org,761-392-4141,7/18/1940
290,Dedra,Kramer,dkramer81@e-recht24.de,566-750-3351,9/30/1951
291,Shamus,Yves,syves82@vimeo.com,143-474-9924,10/1/1974
292,Pamella,Sturm,psturm83@globo.com,759-663-8819,8/3/1942
293,Eadmund,Rhucroft,erhucroft84@tuttocitta.it,707-889-3126,10/17/1957
294,Evanne,Jenoure,ejenoure85@constantcontact.com,475-869-1808,1/3/1939
295,Gare,Magrannell,gmagrannell86@columbia.edu,120-582-1141,10/20/1903
296,Nickolas,O'Corrigane,nocorrigane87@dagondesign.com,973-108-9128,7/29/1938
297,Madeline,Micklewicz,mmicklewicz88@ning.com,872-798-2629,10/30/1941
298,Neddie,Lowell,nlowell89@ehow.com,652-274-5007,11/13/1973
299,Allis,Lugard,alugard8a@godaddy.com,465-362-7599,1/16/1981
300,Andras,Bau,abau8b@freewebs.com,340-791-5327,8/29/1960
301,Delores,Ivel,divel8c@taobao.com,160-929-0263,10/25/1905
302,Gelya,Johansson,gjohansson8d@printfriendly.com,629-289-5197,2/14/1991
303,Ker,Archanbault,karchanbault8e@yahoo.com,411-245-2100,9/23/1930
304,Priscilla,Twidle,ptwidle8f@vistaprint.com,504-730-5095,1/12/1942
305,Rosaleen,Omrod,romrod8g@huffingtonpost.com,756-518-1294,2/12/1921
306,Lissa,Burne,lburne8h@ucoz.ru,450-163-2067,8/20/1971
307,Kizzee,Jeffery,kjeffery8i@cyberchimps.com,540-822-3842,7/30/1936
308,Nonna,Floyed,nfloyed8j@ed.gov,700-181-9541,11/9/1930
309,Hartley,Yakutin,hyakutin8k@washington.edu,323-386-6790,12/27/1908
310,Chalmers,de Leon,cdeleon8l@theatlantic.com,661-274-8629,5/30/1918
311,Monica,Khadir,mkhadir8m@edublogs.org,556-511-4600,8/21/1957
312,Brena,Kelsall,bkelsall8n@bbc.co.uk,424-886-8117,1/25/1967
313,Quintana,Palombi,qpalombi8o@surveymonkey.com,334-110-0491,5/6/1994
314,Nady,Catonne,ncatonne8p@desdev.cn,675-593-8027,1/13/1986
315,Edythe,Puddle,epuddle8q@fda.gov,554-644-5364,1/30/1978
316,Dorthea,Coxhell,dcoxhell8r@jalbum.net,263-767-8949,12/8/1948
317,Billie,Drewitt,bdrewitt8s@elpais.com,598-189-1253,6/25/1913
318,Pen,Bessett,pbessett8t@examiner.com,432-918-5632,10/2/1976
319,Gerrie,Moseley,gmoseley8u@goo.ne.jp,141-140-4600,5/4/1948
320,Elden,Attewill,eattewill8v@soundcloud.com,650-501-9782,10/31/1979
321,Berrie,Tweedle,btweedle8w@mediafire.com,214-536-6030,4/16/1985
322,Alisander,Twydell,atwydell8x@slideshare.net,214-329-5473,10/28/1900
323,Carlos,Pocknoll,cpocknoll8y@blogspot.com,195-690-7334,12/12/1963
324,Dalenna,Kacheler,dkacheler8z@google.com.br,418-920-8855,9/15/1950
325,Elsey,Sweedland,esweedland90@amazon.co.uk,372-373-2437,10/9/1950
326,Miguelita,Dolan,mdolan91@go.com,721-598-1006,5/21/1988
327,Dennet,Groneway,dgroneway92@ted.com,855-227-0645,10/18/1989
328,Cathyleen,Snary,csnary93@dagondesign.com,574-409-1635,2/21/1970
329,Leigh,Spatig,lspatig94@ovh.net,349-710-7874,1/1/1936
330,Daffy,Doucette,ddoucette95@g.co,148-738-6889,3/7/1911
331,Dud,Beswell,dbeswell96@aol.com,892-828-3879,6/22/1907
332,Kaja,Flaherty,kflaherty97@t.co,287-149-1133,7/8/1907
333,Alvy,Beachem,abeachem98@aol.com,865-376-0432,8/9/1922
334,Holly-anne,Crannach,hcrannach99@npr.org,105-211-1806,9/4/1990
335,Aline,Rosander,arosander9a@huffingtonpost.com,385-465-6580,3/29/1981
336,Maddalena,Purdie,mpurdie9b@cmu.edu,284-582-5741,6/13/1971
337,Dominic,Chatres,dchatres9c@prlog.org,844-289-3684,5/17/1925
338,Carroll,Brinded,cbrinded9d@ask.com,344-337-1128,2/9/1947
339,Ernesta,Verryan,everryan9e@360.cn,805-474-6791,10/6/1927
340,Uriel,Epsley,uepsley9f@booking.com,566-619-4142,10/8/1938
341,Flint,Vatini,fvatini9g@unc.edu,202-135-9955,2/21/1942
342,Jocko,Ellson,jellson9h@elegantthemes.com,700-151-5795,12/28/1968
343,Ddene,Feldstein,dfeldstein9i@newsvine.com,344-103-7331,4/4/1925
344,Elysia,Chaudron,echaudron9j@amazon.de,256-479-7987,12/21/1927
345,Selby,Challice,schallice9k@usgs.gov,408-712-6305,8/22/1920
346,Mateo,Haswell,mhaswell9l@columbia.edu,540-979-0680,4/20/1911
347,Arlene,Dalby,adalby9m@dell.com,557-347-6937,5/12/1968
348,Nilson,Kos,nkos9n@nbcnews.com,235-868-4537,4/12/1970
349,Read,Drabble,rdrabble9o@arizona.edu,523-839-5416,3/9/1926
350,Joya,Scare,jscare9p@pbs.org,719-981-3978,10/1/1998
351,Dionis,Bazek,dbazek9q@vistaprint.com,959-210-2791,2/5/1995
352,Field,Follos,ffollos9r@indiegogo.com,223-195-1793,5/1/1902
353,Nichole,Dubery,ndubery9s@hibu.com,729-191-5032,2/25/1909
354,Dugald,Attrill,dattrill9t@xinhuanet.com,750-317-7970,10/29/1913
355,Errol,Masterson,emasterson9u@globo.com,377-573-6915,10/24/1911
356,Lil,Greest,lgreest9v@nydailynews.com,500-734-1006,9/20/1968
357,Asher,Dampier,adampier9w@ftc.gov,373-733-8438,2/11/1961
358,Yehudi,Dymond,ydymond9x@chron.com,952-548-7477,4/16/1951
359,Cal,Eagleton,ceagleton9y@aol.com,653-773-8355,11/6/1933
360,Nariko,Garbutt,ngarbutt9z@behance.net,242-502-6068,2/28/1931
361,Dorian,Breese,dbreesea0@wikimedia.org,731-527-2972,10/11/1937
362,Aubine,Triplett,atripletta1@ft.com,850-543-4559,11/20/1947
363,Dianne,McArdle,dmcardlea2@dagondesign.com,970-466-3374,8/25/1978
364,Kellie,Goudie,kgoudiea3@weather.com,579-487-9516,10/6/1930
365,Annnora,Spratley,aspratleya4@devhub.com,202-175-3544,11/6/1966
366,Estevan,Iggulden,eigguldena5@mozilla.com,259-203-9217,10/26/1952
367,Janos,Ida,jidaa6@printfriendly.com,107-259-8403,6/8/1983
368,Alma,Brundall,abrundalla7@moonfruit.com,263-172-4408,10/12/1936
369,Davis,Czajkowski,dczajkowskia8@etsy.com,212-184-9574,3/15/1922
370,Stacey,Reedy,sreedya9@ebay.com,327-776-3528,1/8/1977
371,Mata,Onge,mongeaa@boston.com,505-803-3096,1/29/1957
372,Meade,McCoish,mmccoishab@symantec.com,168-279-6272,7/4/1938
373,Mariellen,Penas,mpenasac@elpais.com,479-851-0398,9/21/1942
374,Chip,Hames,chamesad@apple.com,808-543-6786,3/9/1914
375,Arte,Gulc,agulcae@oaic.gov.au,698-301-7824,11/29/1900
376,Lemmie,Babber,lbabberaf@reddit.com,355-889-3642,9/15/1976
377,Cly,Calton,ccaltonag@jiathis.com,452-152-9584,2/18/1972
378,Burk,Studart,bstudartah@upenn.edu,335-857-3253,7/31/1913
379,Obed,Dowdell,odowdellai@purevolume.com,934-946-9434,9/19/1940
380,Darcey,Hurler,dhurleraj@sogou.com,191-833-7847,6/25/1997
381,Adria,Lidstone,alidstoneak@merriam-webster.com,873-806-8987,10/12/1973
382,Vassily,Wagstaff,vwagstaffal@yahoo.com,941-405-2594,6/6/1963
383,Cullin,Steele,csteeleam@earthlink.net,679-367-4948,2/25/1918
384,Eveleen,Antyukhin,eantyukhinan@posterous.com,452-486-9891,5/26/1979
385,Abby,Aland,aalandao@i2i.jp,891-897-3966,6/12/1978
386,Katusha,Pretley,kpretleyap@wired.com,192-414-1906,12/23/1940
387,Dorella,Stooke,dstookeaq@about.me,891-970-4512,4/10/1961
388,Saloma,Carde,scardear@uol.com.br,357-869-0939,11/24/1934
389,Crysta,Willimont,cwillimontas@quantcast.com,267-696-2990,5/27/1914
390,Read,Dole,rdoleat@xrea.com,808-964-7526,4/21/1998
391,Tootsie,Hanssmann,thanssmannau@163.com,239-600-6084,6/5/1933
392,Elena,Geraldo,egeraldoav@irs.gov,455-206-1525,1/5/1942
393,Guthrie,Letford,gletfordaw@digg.com,785-896-8601,11/5/1915
394,Stephan,Routley,sroutleyax@prweb.com,103-347-8674,5/1/1903
395,Chris,McAuslan,cmcauslanay@ebay.co.uk,543-231-9122,7/24/1935
396,Aurthur,Prando,aprandoaz@deliciousdays.com,991-997-0050,6/16/1961
397,Colin,Segot,csegotb0@bbb.org,249-170-2663,11/17/1918
398,Arman,Daile,adaileb1@sfgate.com,321-842-2811,1/4/1939
399,Alyce,Barthot,abarthotb2@nyu.edu,634-105-9643,8/5/1932
400,Scott,Fidilis,sfidilisb3@arstechnica.com,519-743-5452,1/1/1971
401,Lauren,Heyns,lheynsb4@businessweek.com,253-510-6835,9/8/1913
402,Shawna,Haime,shaimeb5@answers.com,412-282-4011,6/18/1963
403,Gothart,Rahl,grahlb6@fda.gov,196-847-4448,6/27/1904
404,Alejandra,Kemble,akembleb7@engadget.com,912-497-1542,3/6/1949
405,Norma,Flag,nflagb8@ucoz.ru,327-897-6251,8/27/1919
406,Chicky,Reaper,creaperb9@comsenz.com,549-668-2722,11/2/1990
407,Ange,de Keep,adekeepba@aboutads.info,445-359-0433,3/9/1956
408,Margo,Chettle,mchettlebb@furl.net,693-525-6791,12/4/1923
409,Sher,Richichi,srichichibc@fda.gov,371-795-6819,3/21/1944
410,Sheeree,Barrowcliffe,sbarrowcliffebd@princeton.edu,205-449-5682,11/3/1966
411,Rivy,Flucker,rfluckerbe@jugem.jp,403-230-5599,5/20/1945
412,Olia,Rosen,orosenbf@google.fr,136-722-5579,5/26/1927
413,Saundra,Treske,streskebg@blinklist.com,109-283-9410,1/18/1950
414,Anneliese,Oakeshott,aoakeshottbh@harvard.edu,916-814-1319,8/6/1938
415,Rafael,Glenwright,rglenwrightbi@alibaba.com,636-404-8000,5/12/1960
416,Dani,Filipowicz,dfilipowiczbj@netscape.com,213-927-9132,5/8/1943
417,Martyn,Chrystie,mchrystiebk@opera.com,468-992-8820,10/20/1948
418,Willis,Kingescot,wkingescotbl@ucla.edu,494-858-4070,9/25/1959
419,Shel,Ambrose,sambrosebm@narod.ru,429-522-1506,10/3/1984
420,Kaela,Hillum,khillumbn@virginia.edu,747-921-9343,7/30/1922
421,Web,Ledward,wledwardbo@angelfire.com,625-870-0462,2/21/1949
422,Mireielle,Kilfeather,mkilfeatherbp@rakuten.co.jp,929-845-4251,4/23/1964
423,Philip,Niven,pnivenbq@cbc.ca,943-457-7171,8/25/1954
424,Clovis,Twiggs,ctwiggsbr@cnbc.com,652-925-3162,5/30/1996
425,Mariska,Ulyatt,mulyattbs@webmd.com,138-387-9178,11/26/2000
426,Cullie,Conradie,cconradiebt@amazon.com,395-563-6693,7/5/1907
427,Starlin,Gavin,sgavinbu@uol.com.br,260-823-8314,9/30/1907
428,Cristi,Sturr,csturrbv@goodreads.com,520-223-5834,4/2/1984
429,Wallace,Millier,wmillierbw@jalbum.net,313-434-8334,8/3/1990
430,Gearalt,Ranscome,granscomebx@usgs.gov,644-667-7543,4/3/1966
431,Ed,Napier,enapierby@gnu.org,667-868-3335,7/8/1978
432,Jarad,Gosz,jgoszbz@1und1.de,456-642-2434,7/9/1962
433,Cesya,Samet,csametc0@si.edu,469-575-5195,3/18/1975
434,Leeann,Gever,lgeverc1@livejournal.com,974-506-9845,8/12/1927
435,Ilyse,Blinckhorne,iblinckhornec2@unc.edu,269-292-1016,12/28/1978
436,Kendre,Vickerman,kvickermanc3@yale.edu,352-711-5206,11/1/1975
437,Menard,Vedenisov,mvedenisovc4@clickbank.net,743-479-7423,1/9/1906
438,Jermaine,Beamiss,jbeamissc5@biblegateway.com,883-555-5012,10/30/1901
439,Luise,Downing,ldowningc6@theatlantic.com,472-755-5000,9/27/1957
440,Alvira,Robinson,arobinsonc7@hugedomains.com,312-378-1194,6/7/1921
441,Marcile,Duesberry,mduesberryc8@multiply.com,144-529-8062,7/14/1997
442,Germayne,Kearey,gkeareyc9@blogs.com,201-693-6126,5/1/1959
443,Clarissa,Skilton,cskiltonca@ezinearticles.com,156-275-0395,6/29/1980
444,Daphna,Wilber,dwilbercb@bbb.org,237-213-5035,11/20/1944
445,Galvan,Eckart,geckartcc@businessweek.com,679-971-6428,1/30/1971
446,Fayre,Cockaday,fcockadaycd@whitehouse.gov,524-569-4047,12/29/1908
447,Vince,McLukie,vmclukiece@ed.gov,959-475-0624,5/2/1977
448,Georgina,Opfer,gopfercf@cdc.gov,348-699-1452,5/4/2000
449,Kip,Toop,ktoopcg@zimbio.com,642-333-7559,10/14/1971
450,Doralia,Sutch,dsutchch@omniture.com,339-666-6377,1/4/1961
451,Joelle,Franklin,jfranklinci@xinhuanet.com,674-468-7170,11/12/1917
452,Zorana,Martinat,zmartinatcj@360.cn,233-596-4603,5/30/1910
453,Katee,Pledge,kpledgeck@icq.com,204-176-3399,1/9/1911
454,Ferris,Gurrado,fgurradocl@cocolog-nifty.com,185-717-4404,2/11/1940
455,Mandie,Yanshonok,myanshonokcm@bluehost.com,569-409-0495,12/6/1972
456,Kamilah,Loomes,kloomescn@cisco.com,435-518-3623,11/5/1978
457,Etheline,Apps,eappsco@ustream.tv,214-544-7306,7/1/1907
458,Bernette,Lorryman,blorrymancp@princeton.edu,720-147-1346,11/22/1915
459,Cathleen,Hasely,chaselycq@disqus.com,797-327-4558,8/28/1950
460,Bran,Follen,bfollencr@seesaa.net,423-566-2274,11/15/1946
461,Carroll,Muehler,cmuehlercs@bbb.org,149-684-9997,1/26/1994
462,Bondy,Jeannaud,bjeannaudct@jimdo.com,785-746-9253,5/21/1967
463,Gorden,Abramov,gabramovcu@washington.edu,373-132-8273,11/28/1937
464,Rhody,Bexley,rbexleycv@ihg.com,259-640-5573,2/24/1936
465,Teodora,Wiggans,twigganscw@comcast.net,662-767-7156,3/3/1937
466,Crissie,Mainwaring,cmainwaringcx@netscape.com,953-122-7910,2/10/1944
467,Ivory,Dye,idyecy@reverbnation.com,114-854-6472,12/11/1991
468,Boris,Dyett,bdyettcz@fema.gov,687-884-9791,8/7/1966
469,Kippie,Pennyman,kpennymand0@gnu.org,781-211-9060,5/16/1942
470,Ashlen,McNaughton,amcnaughtond1@sbwire.com,325-799-7108,1/19/1931
471,Arlan,Tamblyn,atamblynd2@networksolutions.com,890-720-4786,1/2/1962
472,Nat,Huntress,nhuntressd3@intel.com,577-858-1739,2/23/1977
473,Bab,Hovington,bhovingtond4@360.cn,130-961-4284,9/7/1936
474,Zebedee,St. Paul,zstpauld5@wiley.com,573-245-5732,5/21/1918
475,Marguerite,Iacopini,miacopinid6@miibeian.gov.cn,359-666-8029,12/28/1939
476,Tucker,Todaro,ttodarod7@tamu.edu,453-423-8497,1/10/1951
477,Fenelia,Cottill,fcottilld8@infoseek.co.jp,422-889-0943,11/10/1967
478,Wilmar,Wreath,wwreathd9@msn.com,731-367-8612,9/24/1998
479,Gertrude,McEwan,gmcewanda@123-reg.co.uk,905-925-5414,3/6/1916
480,Jolynn,Gosnay,jgosnaydb@google.com.hk,239-585-2477,3/19/1986
481,Lynde,Ondrus,londrusdc@shinystat.com,590-798-7295,4/17/1929
482,Delcina,Jerrome,djerromedd@geocities.jp,495-899-7275,2/21/1997
483,Jamesy,de Guise,jdeguisede@pinterest.com,336-267-5409,12/27/1944
484,Glynn,Zum Felde,gzumfeldedf@wp.com,469-456-2959,8/17/1968
485,Alayne,Geldeard,ageldearddg@ovh.net,662-355-7530,4/27/1967
486,Lucie,Noot,lnootdh@networksolutions.com,614-680-9487,11/24/1922
487,Dani,Arrow,darrowdi@de.vu,933-378-6400,3/16/1964
488,Hy,Colebourn,hcolebourndj@a8.net,419-196-8993,1/3/1932
489,Kathryne,Corradetti,kcorradettidk@google.ru,349-378-9057,6/29/1984
490,Rudd,Le Ball,rleballdl@exblog.jp,489-653-0541,11/2/1923
491,Wallache,Komorowski,wkomorowskidm@mozilla.org,118-768-3260,2/9/1979
492,Tomlin,McVrone,tmcvronedn@uol.com.br,977-854-0520,8/12/2000
493,Georgine,Caldron,gcaldrondo@1688.com,695-218-7819,11/22/1944
494,Gleda,Pitkethly,gpitkethlydp@t-online.de,629-126-7260,7/10/1950
495,Giovanna,Binden,gbindendq@thetimes.co.uk,763-258-0352,4/20/1956
496,Elvira,Hands,ehandsdr@timesonline.co.uk,834-709-7386,5/12/1957
497,Jules,Yakunchikov,jyakunchikovds@elpais.com,551-464-0101,6/29/1920
498,Chester,Soldi,csoldidt@amazonaws.com,854-237-4692,3/10/1904
499,Deloris,Ribbon,dribbondu@va.gov,911-309-4275,6/18/1967
500,Rici,Heathcote,rheathcotedv@apache.org,999-422-9376,9/12/1921
501,Rivi,Scourfield,rscourfielddw@cargocollective.com,520-309-5806,12/3/1963
502,Mickie,Seemmonds,mseemmondsdx@usa.gov,772-500-7462,3/25/1981
503,Roxana,Truss,rtrussdy@cnn.com,770-349-8950,1/17/1959
504,Sherill,Robun,srobundz@army.mil,917-693-8750,1/1/1989
505,Grethel,Whitehall,gwhitehalle0@discuz.net,245-340-9050,1/9/1928
506,Carilyn,McEnhill,cmcenhille1@globo.com,968-360-7473,7/8/1965
507,Ezequiel,Speed,espeede2@miitbeian.gov.cn,226-525-4459,4/11/1916
508,Concettina,Brandom,cbrandome3@psu.edu,772-454-1821,11/21/1991
509,Herman,Garvie,hgarviee4@tamu.edu,396-543-6073,5/3/1932
510,Britt,Stovell,bstovelle5@google.cn,332-125-1455,10/11/1942
511,Trey,Ludewig,tludewige6@stumbleupon.com,139-711-6379,3/16/1957
512,Nicki,Deveral,ndeverale7@pbs.org,669-315-0244,4/3/1971
513,Judith,Licas,jlicase8@sogou.com,773-653-5082,3/16/1995
514,Andie,Giacomasso,agiacomassoe9@51.la,259-735-5020,1/29/1951
515,Dud,Boyda,dboydaea@com.com,651-185-1219,11/4/1996
516,Bertha,Tubbles,btubbleseb@wordpress.org,448-189-5268,3/22/1937
517,Marty,Putley,mputleyec@sun.com,859-291-3766,6/7/1938
518,Terri-jo,Warcop,twarcoped@cbsnews.com,150-589-7670,11/29/1901
519,Heinrik,Dussy,hdussyee@wordpress.org,390-133-3627,5/28/1967
520,Goraud,Neill,gneillef@addtoany.com,492-229-1053,2/17/1988
521,Gray,Durrington,gdurringtoneg@webnode.com,947-185-8201,4/12/1975
522,Livy,McFie,lmcfieeh@cargocollective.com,251-757-1472,8/29/1910
523,Ainslee,Pankethman,apankethmanei@zdnet.com,613-815-0459,9/11/1912
524,Aldo,Lowsely,alowselyej@google.pl,264-611-8089,5/4/1930
525,Claudetta,Sheldon,csheldonek@ucoz.com,301-112-5768,10/13/1945
526,Aggie,Weagener,aweagenerel@printfriendly.com,646-380-8469,8/5/1989
527,Morten,Lusty,mlustyem@alexa.com,902-794-4710,2/11/1910
528,Stanford,Gasking,sgaskingen@bloomberg.com,318-745-9351,6/25/1943
529,Virginia,Cordova,vcordovaeo@tinypic.com,146-897-6477,9/21/1954
530,Jana,Causier,jcausierep@booking.com,368-244-2667,3/23/1993
531,Lola,Mattusevich,lmattusevicheq@lycos.com,413-946-2077,8/29/1965
532,Koralle,Bailes,kbaileser@omniture.com,760-258-0609,1/14/1920
533,Lisabeth,Churching,lchurchinges@economist.com,531-774-8686,10/10/1976
534,Eldredge,Corcoran,ecorcoranet@ox.ac.uk,186-531-5258,12/8/1965
535,Veda,Pentecust,vpentecusteu@senate.gov,674-386-4487,7/1/1956
536,Inga,Lethbury,ilethburyev@tiny.cc,202-172-9869,9/28/1907
537,Dari,Thompson,dthompsonew@ustream.tv,525-442-0766,12/14/1993
538,Eward,Mangin,emanginex@prnewswire.com,828-763-1623,4/20/1911
539,Chelsie,Harlin,charliney@webeden.co.uk,408-916-5007,11/22/1969
540,Thatch,Bolderoe,tbolderoeez@studiopress.com,504-529-8085,11/20/1961
541,Faye,Rushby,frushbyf0@apple.com,882-554-3440,7/11/1973
542,Hermine,Tinner,htinnerf1@ning.com,740-246-9872,11/22/1912
543,Dionne,Batman,dbatmanf2@independent.co.uk,594-658-0095,2/9/1916
544,Sophie,Pencott,spencottf3@slate.com,448-774-4396,11/1/1943
545,Rhodia,Richardes,rrichardesf4@answers.com,193-561-7972,8/31/1975
546,Edik,Chaddock,echaddockf5@washingtonpost.com,428-566-1937,10/21/1992
547,Harley,Sarjent,hsarjentf6@blogger.com,960-765-6716,5/6/1974
548,Dorian,McMeeking,dmcmeekingf7@drupal.org,970-892-7504,12/13/1942
549,Milly,Deeble,mdeeblef8@usgs.gov,132-488-5257,10/17/1958
550,Robyn,Hacket,rhacketf9@admin.ch,237-335-5634,5/4/1906
551,Cody,Westlake,cwestlakefa@marriott.com,254-389-9831,7/18/1953
552,Fabiano,Prattington,fprattingtonfb@xing.com,619-235-9648,9/8/1951
553,Allyn,D'eathe,adeathefc@taobao.com,393-793-6732,10/15/1983
554,Ermina,Fermoy,efermoyfd@npr.org,435-454-7929,11/12/1911
555,Blisse,Senton,bsentonfe@feedburner.com,805-178-4781,11/6/1943
556,Rolfe,Saw,rsawff@icq.com,937-503-3370,9/10/1954
557,Lisa,Gayforth,lgayforthfg@washington.edu,781-936-1765,2/20/1924
558,Valina,Gwyllt,vgwylltfh@who.int,487-405-9043,12/15/1937
559,Torrie,Vicar,tvicarfi@geocities.jp,259-232-5046,1/15/1979
560,Hertha,Conichie,hconichiefj@printfriendly.com,665-541-4537,10/10/1992
561,Brietta,Myrkus,bmyrkusfk@last.fm,821-717-6415,4/2/1947
562,Electra,Cornu,ecornufl@wired.com,603-540-5457,1/14/1926
563,Jarib,Viollet,jviolletfm@surveymonkey.com,532-996-0765,5/2/1934
564,Morry,Veazey,mveazeyfn@narod.ru,463-568-3497,12/21/1920
565,Daffi,Gorrick,dgorrickfo@slashdot.org,239-912-4474,5/29/1935
566,Belita,Michelin,bmichelinfp@economist.com,978-173-0003,10/2/1925
567,Dalt,Hassur,dhassurfq@dion.ne.jp,430-305-8763,6/30/1978
568,Laurette,Dumini,lduminifr@who.int,393-933-5064,4/4/1907
569,Laurice,Fensome,lfensomefs@hao123.com,657-726-1337,9/17/1969
570,Dasya,Heinschke,dheinschkeft@smh.com.au,241-757-3140,5/23/1982
571,Peirce,Scoon,pscoonfu@fema.gov,525-791-7549,6/9/1969
572,Matthaeus,Boswell,mboswellfv@free.fr,493-915-7495,12/27/1912
573,Jarib,Lawee,jlaweefw@webnode.com,819-432-5820,5/19/1953
574,Sibella,Base,sbasefx@umich.edu,186-531-9585,2/13/1987
575,Marj,Bottini,mbottinify@jimdo.com,386-487-1871,5/27/1911
576,Barrie,Sutherel,bsutherelfz@phpbb.com,937-192-8291,9/6/1901
577,Tadd,Leaning,tleaningg0@mediafire.com,351-760-3208,4/17/1902
578,Cad,Beckinsale,cbeckinsaleg1@barnesandnoble.com,919-365-1032,9/26/1960
579,Cele,Bruford,cbrufordg2@state.tx.us,336-564-7572,1/6/1995
580,Ninon,Gerrish,ngerrishg3@parallels.com,616-587-9488,3/17/1949
581,Gilbertina,Mudge,gmudgeg4@state.tx.us,429-172-8429,5/20/1928
582,Sandy,Skpsey,sskpseyg5@uol.com.br,618-986-9828,10/12/2002
583,Collie,Rockingham,crockinghamg6@guardian.co.uk,128-701-9532,8/31/1971
584,Yancey,Dallin,ydalling7@paypal.com,244-586-0942,2/6/1979
585,Fiona,Longthorn,flongthorng8@usda.gov,251-542-4430,10/19/1903
586,Petunia,Edsall,pedsallg9@bigcartel.com,446-555-6147,4/16/1959
587,Zara,Halkyard,zhalkyardga@4shared.com,921-934-5286,4/12/1973
588,Violetta,Curd,vcurdgb@mit.edu,786-710-0888,7/13/1907
589,Walt,Rutherfoord,wrutherfoordgc@clickbank.net,417-340-7946,10/2/1957
590,Bernie,Ibell,bibellgd@github.io,512-160-8582,11/21/1927
591,Hillel,Swiffen,hswiffenge@upenn.edu,613-663-4447,2/2/1923
592,Ferrell,Scowcroft,fscowcroftgf@hatena.ne.jp,713-495-3231,3/2/1993
593,Meara,Prentice,mprenticegg@wikipedia.org,840-790-6011,3/21/1916
594,Chrissy,Blasgen,cblasgengh@ezinearticles.com,353-277-4797,12/25/1902
595,Lanette,McReedy,lmcreedygi@squidoo.com,369-983-5595,9/6/1949
596,Denys,Perrygo,dperrygogj@oracle.com,457-308-4942,8/16/1951
597,Kale,Monks,kmonksgk@boston.com,515-962-2321,3/22/1902
598,Vanna,Garrigan,vgarrigangl@hao123.com,591-734-0291,10/16/1981
599,Dorisa,Lusher,dlushergm@cmu.edu,265-339-3320,7/8/1988
600,Leigha,Sieghart,lsieghartgn@oakley.com,800-593-0585,8/26/1952
601,Corene,Spillane,cspillanego@mtv.com,619-499-1783,7/14/1934
602,Waly,Baldini,wbaldinigp@shareasale.com,589-997-8646,5/2/1921
603,Holmes,Brunon,hbrunongq@google.co.uk,206-943-2021,2/17/1984
604,Ernaline,Saveall,esaveallgr@trellian.com,954-331-8114,7/23/1935
605,Tamarra,Hammell,thammellgs@artisteer.com,401-700-2194,5/19/1960
606,Goldia,Errington,gerringtongt@paypal.com,293-884-0700,11/3/1965
607,Lorelle,Meindl,lmeindlgu@thetimes.co.uk,320-825-5622,7/7/1953
608,Jarad,Gallard,jgallardgv@deviantart.com,525-189-3457,2/1/1903
609,Rachele,Slewcock,rslewcockgw@blogs.com,426-651-8340,11/21/1927
610,Wake,Wharton,wwhartongx@geocities.com,183-892-7977,11/19/1925
611,Kasper,Cockerton,kcockertongy@ustream.tv,358-641-1887,10/8/1909
612,Blair,Cassam,bcassamgz@tuttocitta.it,892-476-7257,4/13/1940
613,Ellen,Lyst,elysth0@soup.io,884-572-9303,5/6/1906
614,Prue,Friberg,pfribergh1@independent.co.uk,220-470-6660,4/30/1902
615,Corly,Stollhofer,cstollhoferh2@creativecommons.org,156-500-4572,2/9/1910
616,Gregg,Guerin,gguerinh3@histats.com,115-819-9107,9/24/1988
617,Melony,Newlands,mnewlandsh4@163.com,988-754-3349,12/20/1963
618,Moises,Dorber,mdorberh5@squarespace.com,559-978-8800,2/20/1983
619,Derward,Dmytryk,ddmytrykh6@businessinsider.com,303-592-8163,5/25/1907
620,Toni,Lode,tlodeh7@joomla.org,250-932-6230,4/25/1936
621,Wylie,Gammie,wgammieh8@eventbrite.com,242-709-6126,11/11/1913
622,Steven,Idenden,sidendenh9@state.tx.us,467-913-2453,4/23/1999
623,Sapphira,Faint,sfaintha@cargocollective.com,584-415-6006,7/27/1969
624,Robina,Cartmail,rcartmailhb@geocities.jp,532-874-3133,6/26/1959
625,Georgeta,McKelvie,gmckelviehc@bigcartel.com,724-974-0317,1/14/1990
626,Mikkel,Duthy,mduthyhd@sciencedaily.com,450-121-1452,6/27/1982
627,Dietrich,Kingdon,dkingdonhe@mayoclinic.com,614-555-4304,2/13/1969
628,Say,Hanmer,shanmerhf@163.com,108-883-9207,7/13/1904
629,Marjorie,Towe,mtowehg@merriam-webster.com,294-609-2112,2/23/1900
630,Rennie,Elan,relanhh@narod.ru,307-212-6687,10/5/1978
631,Adrienne,Saby,asabyhi@globo.com,622-785-1717,5/20/1927
632,Joeann,Rigmond,jrigmondhj@digg.com,896-848-5286,3/15/1988
633,Becca,Plowman,bplowmanhk@usnews.com,155-463-2465,1/16/1982
634,Pail,Jochens,pjochenshl@paypal.com,714-355-9431,10/12/1978
635,Amalita,McQuilty,amcquiltyhm@xing.com,766-814-7711,9/29/1958
636,Lorianne,Antonioni,lantonionihn@soundcloud.com,716-314-9051,12/2/1950
637,Tessie,Connett,tconnettho@acquirethisname.com,931-518-6753,1/25/1964
638,Audrie,Barnson,abarnsonhp@who.int,658-741-1363,5/30/1990
639,Robin,Climpson,rclimpsonhq@exblog.jp,419-706-7373,8/1/1912
640,Bianka,Shorthouse,bshorthousehr@independent.co.uk,944-474-4629,10/9/1950
641,Barbabra,Poate,bpoatehs@stanford.edu,498-308-6981,9/13/1954
642,Angeline,Huertas,ahuertasht@symantec.com,716-936-4765,2/13/1900
643,Allan,Covotti,acovottihu@mediafire.com,871-492-0673,4/7/1983
644,Colas,Nutten,cnuttenhv@storify.com,654-149-4398,4/22/1908
645,Marcille,Yarranton,myarrantonhw@yahoo.com,808-277-9720,1/20/1939
646,Gage,Macguire,gmacguirehx@gov.uk,369-871-4290,7/20/1918
647,Pet,Motton,pmottonhy@addthis.com,837-443-9474,9/16/1994
648,Liam,Wiszniewski,lwiszniewskihz@github.com,891-340-8106,12/6/1913
649,Clemence,Ambler,cambleri0@berkeley.edu,229-819-2543,4/13/1939
650,Byran,Bocking,bbockingi1@unc.edu,972-839-2808,4/26/1905
651,Roda,Guslon,rgusloni2@tiny.cc,721-649-4889,5/7/1901
652,Cassey,Aggett,caggetti3@istockphoto.com,465-720-1290,6/4/1960
653,Ransom,Whitley,rwhitleyi4@hud.gov,836-621-2725,7/30/1945
654,Kacie,Madsen,kmadseni5@sourceforge.net,937-694-3814,4/24/1996
655,Paul,Drinkel,pdrinkeli6@mysql.com,410-922-9352,11/7/1968
656,Hamid,Robart,hrobarti7@1und1.de,302-474-8392,10/15/1975
657,Koren,Limming,klimmingi8@slate.com,391-383-0925,8/17/1972
658,Booth,Howarth,bhowarthi9@usnews.com,852-951-3452,11/30/1905
659,Bellina,Barkshire,bbarkshireia@mtv.com,321-430-5181,8/19/1907
660,Etheline,Copp,ecoppib@java.com,102-738-5678,6/26/1962
661,Lars,Chapman,lchapmanic@unicef.org,153-841-1877,6/5/1957
662,Guinna,Nesey,gneseyid@myspace.com,564-213-3607,7/7/1955
663,Olav,Leahy,oleahyie@ifeng.com,768-490-5184,11/21/1941
664,Kris,Akers,kakersif@linkedin.com,669-905-1466,9/11/1977
665,Ferris,Da Costa,fdacostaig@nba.com,743-669-8990,4/18/1956
666,Robinetta,Simonetti,rsimonettiih@google.co.jp,973-342-0344,8/26/1912
667,Austin,Prantl,aprantlii@cyberchimps.com,311-333-9120,5/20/1963
668,Erinna,Kenchington,ekenchingtonij@dailymail.co.uk,124-302-7608,2/19/1920
669,Anabella,Ellin,aellinik@biblegateway.com,464-875-4129,3/7/1943
670,Elli,Karpman,ekarpmanil@bloglines.com,485-171-0724,3/5/1970
671,Catlaina,Strowthers,cstrowthersim@gravatar.com,719-611-9504,1/3/1956
672,Olva,Arent,oarentin@mapquest.com,241-233-3057,2/5/1906
673,Urson,Baudic,ubaudicio@ucla.edu,707-547-5572,6/25/1916
674,Yelena,Duinkerk,yduinkerkip@exblog.jp,454-884-2959,2/6/1904
675,Tildi,Braizier,tbraizieriq@linkedin.com,922-451-3602,7/14/1919
676,Nicolle,Gatlin,ngatlinir@xing.com,196-504-7400,5/25/1925
677,Mahalia,Dunstall,mdunstallis@sourceforge.net,759-875-6924,4/5/1955
678,Kariotta,Spiring,kspiringit@tumblr.com,831-934-3925,1/13/1932
679,Major,Bulfield,mbulfieldiu@ameblo.jp,865-672-6481,11/25/1938
680,Sara-ann,Lowndes,slowndesiv@samsung.com,529-321-7331,6/10/1945
681,Mervin,Ullett,mullettiw@cpanel.net,357-705-5813,9/14/1905
682,Amelie,Heritege,aheritegeix@apache.org,215-773-3951,2/12/1929
683,Joelie,Bales,jbalesiy@over-blog.com,161-624-6747,5/4/1900
684,Letta,Henaughan,lhenaughaniz@sfgate.com,676-774-7004,3/1/1987
685,Hercule,Morrish,hmorrishj0@simplemachines.org,891-813-7526,7/12/1996
686,Loralyn,Merrin,lmerrinj1@reference.com,287-207-2848,2/21/1959
687,Dane,Kezor,dkezorj2@mac.com,505-277-1919,8/21/1982
688,Saundra,Reimer,sreimerj3@storify.com,468-968-5915,8/5/1982
689,Drugi,Peealess,dpeealessj4@nasa.gov,463-135-5770,6/21/1968
690,Shelton,Bissatt,sbissattj5@goo.gl,212-444-5522,1/2/1921
691,Lauraine,Huncote,lhuncotej6@goo.ne.jp,345-789-1823,6/5/1993
692,Coralie,Curnokk,ccurnokkj7@java.com,864-418-1929,2/29/1956
693,Ella,Kinchley,ekinchleyj8@sun.com,970-456-3560,10/16/1967
694,Leodora,Godball,lgodballj9@fema.gov,880-690-3342,1/21/2000
695,Zola,Wynett,zwynettja@geocities.jp,189-703-4860,6/22/1936
696,Tome,Lickess,tlickessjb@multiply.com,840-505-5713,5/25/1983
697,Leticia,Clemonts,lclemontsjc@ucsd.edu,485-391-4253,7/6/1977
698,Gianni,Holtham,gholthamjd@sogou.com,512-275-2386,6/25/1953
699,Archibald,Aldritt,aaldrittje@g.co,211-887-3202,12/6/1984
700,Jackqueline,Hirtz,jhirtzjf@constantcontact.com,774-563-2359,5/6/1943
701,Hugues,Gorry,hgorryjg@slashdot.org,298-377-4939,11/20/1920
702,Jessie,Brandts,jbrandtsjh@desdev.cn,788-508-5267,12/9/1931
703,Patton,Calyton,pcalytonji@xing.com,903-604-9923,9/8/1998
704,Mariellen,Olesen,molesenjj@woothemes.com,722-483-3873,5/5/1991
705,Robinett,McVaugh,rmcvaughjk@yolasite.com,462-303-7328,10/26/1972
706,Thane,Armytage,tarmytagejl@nyu.edu,648-612-1017,1/23/1986
707,Gabbie,Cortin,gcortinjm@aol.com,814-802-2384,7/19/1907
708,Normie,Stokell,nstokelljn@purevolume.com,966-170-4524,1/17/1952
709,Thom,Duchesne,tduchesnejo@stanford.edu,569-175-5039,10/18/1987
710,Devora,Brideaux,dbrideauxjp@wikia.com,175-946-6744,2/25/1908
711,Jessie,Maccree,jmaccreejq@51.la,618-738-2830,12/15/1913
712,Adam,Cheetham,acheethamjr@google.de,573-957-7012,9/20/1902
713,Hamel,Pebworth,hpebworthjs@businessweek.com,665-575-5058,8/23/1956
714,Pincas,Stening,psteningjt@newsvine.com,746-716-5210,8/30/1943
715,Stephanie,Rayworth,srayworthju@webeden.co.uk,650-259-0767,9/23/1954
716,Clarance,Nudd,cnuddjv@domainmarket.com,469-383-1692,3/12/1946
717,Yolane,Southern,ysouthernjw@dyndns.org,843-312-4604,2/26/1933
718,Hamid,Hierro,hhierrojx@guardian.co.uk,569-822-2723,5/26/1945
719,Ginevra,Colleer,gcolleerjy@lycos.com,638-560-5108,2/25/1926
720,Shelbi,Ecob,secobjz@soundcloud.com,228-132-6623,6/11/1970
721,Ursulina,De Roos,uderoosk0@bizjournals.com,520-975-5725,10/29/1907
722,Alberik,Hartropp,ahartroppk1@mashable.com,822-253-4531,2/11/1945
723,Andrei,Tatchell,atatchellk2@pcworld.com,839-927-5882,5/14/1908
724,Devlin,Nabbs,dnabbsk3@gmpg.org,464-294-9789,2/2/1938
725,Fredelia,Simoneau,fsimoneauk4@wsj.com,131-332-0691,8/4/1992
726,Crin,Toth,ctothk5@arizona.edu,201-614-0639,8/31/1901
727,Cynde,MacAfee,cmacafeek6@blog.com,734-633-1992,9/12/1939
728,Tori,Mendez,tmendezk7@yellowpages.com,696-842-1515,1/28/1920
729,Phoebe,Dally,pdallyk8@marketwatch.com,470-159-1116,1/16/1927
730,Nero,Domelaw,ndomelawk9@over-blog.com,864-670-2736,1/5/1933
731,Mahalia,Messham,mmesshamka@sciencedaily.com,483-653-9310,8/29/1984
732,Prisca,Hunnybun,phunnybunkb@deliciousdays.com,599-310-2096,1/14/1978
733,Barbey,Argile,bargilekc@seattletimes.com,249-686-9569,8/27/1996
734,Faythe,Renachowski,frenachowskikd@addthis.com,466-218-8416,6/5/1984
735,Berty,Liverock,bliverockke@army.mil,300-430-5320,5/16/1977
736,Madeleine,Reeders,mreederskf@nifty.com,864-888-4899,3/9/1941
737,Durant,Loudwell,dloudwellkg@china.com.cn,140-503-0027,10/26/1944
738,Sephira,Gypps,sgyppskh@nytimes.com,308-854-5551,11/8/1924
739,Joaquin,Garret,jgarretki@blinklist.com,851-695-8521,3/14/1902
740,Oralia,Crowest,ocrowestkj@wordpress.com,862-864-6365,11/26/1987
741,Hurlee,Mc Comb,hmccombkk@hc360.com,809-690-6955,5/31/1920
742,Illa,Sybe,isybekl@networksolutions.com,750-172-4937,10/29/1934
743,Milka,Laite,mlaitekm@issuu.com,625-985-9596,7/1/1914
744,Katrine,Blakemore,kblakemorekn@google.nl,695-298-0020,7/29/1973
745,Cristiano,Crigin,ccriginko@irs.gov,603-570-5123,2/11/1913
746,Sibylla,Muckle,smucklekp@yellowpages.com,497-845-9471,2/9/1902
747,Perceval,Gippes,pgippeskq@hugedomains.com,880-246-2313,7/2/1964
748,Stesha,McGaugan,smcgaugankr@vk.com,121-293-1856,9/12/1942
749,Carita,Brokenbrow,cbrokenbrowks@friendfeed.com,137-224-9086,3/11/1952
750,Emmy,Lednor,elednorkt@prweb.com,959-371-8221,3/12/1962
751,Luisa,Coupe,lcoupeku@sogou.com,460-987-4640,12/16/1914
752,Frayda,Cutforth,fcutforthkv@dmoz.org,746-437-0436,9/9/1919
753,Madelin,Layhe,mlayhekw@ucoz.ru,582-509-6170,10/18/1912
754,Ludvig,Guwer,lguwerkx@chicagotribune.com,673-986-8638,1/19/1991
755,Beck,Osgood,bosgoodky@posterous.com,203-600-9916,11/2/1954
756,Jerome,Ferrotti,jferrottikz@oakley.com,578-492-2125,2/11/1974
757,Schuyler,Moreing,smoreingl0@cam.ac.uk,460-353-9752,4/28/1980
758,Catriona,Chamberlain,cchamberlainl1@europa.eu,940-616-1633,2/4/1927
759,Pace,Devonside,pdevonsidel2@google.nl,531-165-0482,1/14/1994
760,Krystal,Audley,kaudleyl3@youku.com,665-638-3115,1/30/1960
761,Paxon,Goude,pgoudel4@google.es,193-700-1928,5/9/1981
762,Reamonn,Ertel,rertell5@ustream.tv,353-317-1061,3/15/1931
763,Christean,Keepence,ckeepencel6@nature.com,895-329-7905,8/17/1927
764,Gaven,Cardon,gcardonl7@weather.com,579-455-2846,11/20/1956
765,Munroe,Larsen,mlarsenl8@amazon.com,872-480-5062,5/29/1921
766,Maura,Rogez,mrogezl9@topsy.com,942-577-6281,5/12/1941
767,Wynnie,Cantera,wcanterala@vkontakte.ru,949-797-9256,8/21/2002
768,Jsandye,Myderscough,jmyderscoughlb@youtu.be,787-229-5869,4/15/1910
769,Halley,Grishakin,hgrishakinlc@ebay.com,378-841-8430,8/7/1920
770,Flor,Salters,fsaltersld@moonfruit.com,210-670-4415,7/30/1933
771,Faith,Stallion,fstallionle@dailymotion.com,506-447-3831,7/12/1911
772,Kirsten,Queenborough,kqueenboroughlf@google.de,432-761-7510,7/2/1964
773,Tova,Lohering,tloheringlg@cbslocal.com,703-768-0516,10/2/1985
774,Daloris,Farrimond,dfarrimondlh@eventbrite.com,382-262-8920,2/2/1984
775,Derron,Yitzhakof,dyitzhakofli@hostgator.com,301-738-5911,6/23/1929
776,Alia,Collyer,acollyerlj@smugmug.com,836-821-3297,8/22/1975
777,Pietro,Santello,psantellolk@ow.ly,725-378-4082,9/30/1928
778,Tobit,Ipsly,tipslyll@unesco.org,954-889-1952,6/5/1943
779,Brandi,Kingman,bkingmanlm@surveymonkey.com,711-570-0561,4/17/1958
780,Fransisco,Pessler,fpesslerln@joomla.org,917-538-6791,6/16/1966
781,Freddie,Caramuscia,fcaramuscialo@geocities.com,652-936-9660,12/27/1906
782,Claresta,Aggus,cagguslp@uol.com.br,812-443-7655,1/9/1949
783,Renaldo,Thewless,rthewlesslq@aboutads.info,735-333-4464,1/4/1977
784,Keri,Ohanessian,kohanessianlr@ifeng.com,571-402-2199,7/11/1957
785,Ninnetta,Kubecka,nkubeckals@w3.org,155-223-8886,8/6/1948
786,Lorraine,Erasmus,lerasmuslt@booking.com,995-180-9392,3/30/1932
787,Marie-jeanne,Keoghan,mkeoghanlu@unc.edu,358-903-4317,2/26/1956
788,Lucila,Mayger,lmaygerlv@nytimes.com,862-152-0148,5/31/1960
789,Danika,Dishmon,ddishmonlw@bloglines.com,344-455-2759,9/8/1958
790,Giordano,Olliff,gollifflx@list-manage.com,455-998-5860,7/13/1901
791,Ced,Ivashin,civashinly@mapy.cz,407-556-2765,7/10/1990
792,Pierre,Burnhard,pburnhardlz@unicef.org,373-281-7584,2/1/1978
793,Katlin,Cyson,kcysonm0@1688.com,869-935-3598,2/27/1967
794,Jasun,Horsley,jhorsleym1@fc2.com,477-428-4189,7/2/1942
795,Ange,Kermitt,akermittm2@google.ca,261-414-3422,7/16/1971
796,Tiffani,Dunstone,tdunstonem3@slate.com,568-586-9225,8/17/1951
797,Damien,Fazzioli,dfazziolim4@istockphoto.com,186-588-5806,12/25/1934
798,Mellisent,Danton,mdantonm5@icio.us,277-312-2617,11/30/1961
799,Roselle,Cesconi,rcesconim6@washington.edu,853-958-3679,2/9/1914
800,Husein,Jolliss,hjollissm7@nsw.gov.au,533-110-5895,9/9/1974
801,Danika,Mizzi,dmizzim8@deliciousdays.com,626-539-6338,1/12/1998
802,Brigit,Durham,bdurhamm9@blogtalkradio.com,645-470-4772,10/5/1926
803,Kimberlee,Gilderoy,kgilderoyma@newsvine.com,897-371-7549,3/14/1952
804,Jerrine,Dahmel,jdahmelmb@bing.com,509-772-3114,8/6/1941
805,Orton,Millmoe,omillmoemc@constantcontact.com,146-581-9964,2/25/1972
806,Kacy,Crippin,kcrippinmd@reference.com,926-312-0955,3/8/1919
807,Charlotte,Sellens,csellensme@walmart.com,571-385-4817,6/28/1996
808,Ricky,Pietzner,rpietznermf@europa.eu,317-483-0232,11/27/1927
809,Cayla,Raiman,craimanmg@wufoo.com,369-410-6200,12/28/1937
810,Sandra,Clair,sclairmh@goodreads.com,496-568-8433,1/14/1909
811,Frazer,Behnecke,fbehneckemi@webs.com,502-618-1439,10/3/1958
812,Harcourt,Leyband,hleybandmj@ihg.com,506-613-2736,3/4/1946
813,Linnie,Arnald,larnaldmk@gmpg.org,788-794-7441,12/30/1990
814,Angie,Birtchnell,abirtchnellml@sciencedirect.com,615-194-6189,8/16/1902
815,Oran,Eddleston,oeddlestonmm@nydailynews.com,813-649-0541,10/14/1941
816,Gabriel,Gallant,ggallantmn@virginia.edu,305-427-3955,1/24/1925
817,Kylynn,Loker,klokermo@chronoengine.com,681-468-4110,1/15/2001
818,Crin,Hebbron,chebbronmp@friendfeed.com,846-821-1228,11/22/1922
819,Olia,Franklyn,ofranklynmq@list-manage.com,756-117-0210,8/16/1951
820,Jenica,Hayhurst,jhayhurstmr@elegantthemes.com,182-539-7232,4/13/1992
821,Ashlee,Mettericke,ametterickems@clickbank.net,890-225-0728,7/16/1995
822,Cyb,Harce,charcemt@berkeley.edu,764-797-9991,4/10/1960
823,Cinda,Bucklee,cbuckleemu@w3.org,909-743-3928,7/17/1919
824,Marleah,Schubert,mschubertmv@spotify.com,752-784-9129,7/30/1929
825,Lawrence,Martindale,lmartindalemw@issuu.com,402-544-1103,5/31/1917
826,Derwin,McTrustey,dmctrusteymx@godaddy.com,333-486-6606,3/13/1991
827,Mariette,Fulmen,mfulmenmy@stanford.edu,594-296-2184,8/30/1999
828,Cheslie,Suddards,csuddardsmz@amazon.co.jp,613-861-6178,3/18/1988
829,Charley,Butler-Bowdon,cbutlerbowdonn0@army.mil,568-869-9085,12/20/1934
830,Callida,Navarre,cnavarren1@tinypic.com,289-759-4045,9/28/1967
831,Jamaal,Anneslie,janneslien2@hao123.com,908-287-1067,9/10/1963
832,Ernest,Guitt,eguittn3@g.co,549-478-5039,5/17/1940
833,Ardella,Rait,araitn4@furl.net,558-431-1541,10/22/2001
834,Harper,Bottoner,hbottonern5@newsvine.com,247-384-6699,6/5/1998
835,Erik,Chataignier,echataigniern6@barnesandnoble.com,276-568-5724,10/4/2002
836,Pen,Ommanney,pommanneyn7@skyrock.com,530-180-6601,3/7/2002
837,Elene,Burfoot,eburfootn8@sciencedaily.com,572-139-0077,2/19/1973
838,Eimile,Howel,ehoweln9@t-online.de,915-430-1197,9/21/1989
839,Carley,Ditt,cdittna@sciencedirect.com,248-689-1265,3/27/1901
840,Innis,Bowness,ibownessnb@squidoo.com,647-493-7475,8/18/1946
841,Willy,Ferrick,wferricknc@xrea.com,553-874-3110,4/20/1967
842,Anatola,Gleadle,agleadlend@techcrunch.com,207-549-9371,12/13/2002
843,Avery,Benck,abenckne@cnn.com,113-886-3813,4/18/1954
844,Fayre,Gilder,fgildernf@rediff.com,620-425-9900,4/14/1954
845,Hi,Rubenchik,hrubenchikng@tuttocitta.it,510-825-9569,8/19/1923
846,Beatrisa,Honniebal,bhonniebalnh@addtoany.com,649-881-7083,10/17/1985
847,Carrissa,Peniman,cpenimanni@ihg.com,417-335-8390,2/21/1991
848,Buffy,Pillman,bpillmannj@usda.gov,510-548-9396,7/23/1977
849,Hilary,Brothwell,hbrothwellnk@princeton.edu,726-487-8123,10/10/1927
850,Rania,O'Calleran,rocallerannl@tamu.edu,269-233-8759,4/20/1970
851,Kinna,Mobley,kmobleynm@google.co.uk,316-882-1270,7/13/1909
852,Zackariah,Skeech,zskeechnn@weather.com,823-600-5812,7/17/1911
853,Carolin,Helwig,chelwigno@youku.com,171-749-5974,9/1/1980
854,Saudra,Herrema,sherremanp@guardian.co.uk,776-770-9303,8/23/1977
855,Kurtis,Enrrico,kenrriconq@uol.com.br,548-995-3811,7/27/1947
856,Wakefield,Davidovitch,wdavidovitchnr@wired.com,827-949-9993,8/4/1950
857,Johanna,Vaughn,jvaughnns@techcrunch.com,635-916-7891,6/6/2002
858,Shandee,Bresnahan,sbresnahannt@washingtonpost.com,817-310-7647,7/1/1966
859,Garik,Glader,ggladernu@ed.gov,700-523-8354,12/6/1963
860,Bert,Keech,bkeechnv@geocities.jp,875-579-4159,8/18/1978
861,Madalena,Hayman,mhaymannw@unesco.org,203-308-1561,5/31/1901
862,Merissa,Malkie,mmalkienx@ucsd.edu,963-624-3860,9/16/1952
863,Celestia,McCarthy,cmccarthyny@epa.gov,295-474-5863,8/11/1952
864,Kurtis,McArtan,kmcartannz@reference.com,474-711-0212,9/5/1957
865,Eleanora,Greenhalf,egreenhalfo0@nytimes.com,667-244-1406,8/6/1996
866,Lotte,Ballston,lballstono1@examiner.com,539-647-4256,11/1/1994
867,Verne,Hutchcraft,vhutchcrafto2@github.com,389-178-2063,5/1/1952
868,Jonie,Dignon,jdignono3@wordpress.com,924-443-0055,4/11/1910
869,Robby,Ivermee,rivermeeo4@exblog.jp,148-919-0420,2/25/1929
870,Zebadiah,Ondricek,zondriceko5@omniture.com,638-292-3008,6/7/1956
871,Keven,Faltin,kfaltino6@themeforest.net,515-657-5947,12/13/1944
872,Maximilian,Meuse,mmeuseo7@foxnews.com,925-612-2427,6/5/1910
873,Gawen,Keys,gkeyso8@omniture.com,146-557-6912,5/12/2000
874,Zacharias,Gosse,zgosseo9@posterous.com,314-459-2506,10/26/1930
875,Maison,Pentin,mpentinoa@ocn.ne.jp,589-693-9883,9/21/1966
876,Drona,Berfoot,dberfootob@sogou.com,689-726-9006,6/15/1912
877,Somerset,McLaughlin,smclaughlinoc@domainmarket.com,803-976-5375,4/17/1945
878,Jarad,Tofanini,jtofaniniod@blogs.com,404-831-6438,11/21/1945
879,Carroll,Tyers,ctyersoe@shareasale.com,624-172-2274,1/5/1969
880,Orelie,Rickhuss,orickhussof@unc.edu,105-413-8623,11/12/1995
881,Rex,Howell,rhowellog@wired.com,932-945-1536,11/6/2002
882,Birdie,Shirer,bshireroh@clickbank.net,941-597-6410,12/9/1976
883,Sebastiano,McKern,smckernoi@macromedia.com,433-254-2513,10/20/1924
884,Chrissy,Snookes,csnookesoj@istockphoto.com,982-504-9997,8/27/1923
885,Fredrika,Labat,flabatok@harvard.edu,473-559-7737,5/2/1963
886,Cam,Podbury,cpodburyol@tiny.cc,470-186-5724,10/16/1912
887,Maribeth,Haslewood,mhaslewoodom@epa.gov,403-605-3360,2/19/1968
888,Horatio,Fassman,hfassmanon@liveinternet.ru,530-407-6130,8/16/1909
889,Drusi,Spoole,dspooleoo@geocities.com,619-915-9445,9/12/1981
890,Mina,Yesipov,myesipovop@miibeian.gov.cn,294-206-2599,8/28/2001
891,Fania,Vaun,fvaunoq@cloudflare.com,955-401-0567,4/24/1971
892,Pauline,Mangon,pmangonor@smugmug.com,183-439-6780,7/9/1919
893,Ianthe,Pady,ipadyos@washingtonpost.com,629-849-9741,1/10/1910
894,Broderick,Pepye,bpepyeot@businessweek.com,110-881-0674,10/17/1989
895,Livvy,Dand,ldandou@chron.com,866-619-2165,9/1/1981
896,Chiquia,Pavlov,cpavlovov@behance.net,428-173-1996,4/13/1992
897,De,Eagan,deaganow@sohu.com,219-467-6642,1/19/1984
898,Randi,Barthelme,rbarthelmeox@networkadvertising.org,513-217-7647,7/22/1994
899,Amata,Bentham3,abenthamoy@alexa.com,910-757-8399,7/8/1972
900,Erda,Priddy,epriddyoz@tmall.com,116-770-6546,2/5/1999
901,Garnet,Pethrick,gpethrickp0@imageshack.us,152-388-7029,3/27/1959
902,Bette-ann,Nitti,bnittip1@reference.com,983-808-4436,11/11/1973
903,Jorey,Tunuy,jtunuyp2@constantcontact.com,535-755-8071,10/24/1926
904,Dee,ducarme,dducarmep3@nyu.edu,535-771-7993,4/8/1903
905,Priscilla,Poor,ppoorp4@theatlantic.com,874-303-8229,9/24/1915
906,Aime,Spring,aspringp5@usgs.gov,153-194-7523,12/4/1948
907,Brigit,Mepsted,bmepstedp6@narod.ru,150-806-7579,1/27/1911
908,Victor,Casassa,vcasassap7@google.ca,765-359-9423,11/12/1937
909,Farlie,Belison,fbelisonp8@guardian.co.uk,506-185-0946,8/24/1973
910,Nolana,Olifard,nolifardp9@hubpages.com,708-462-3323,8/30/1963
911,Andee,Walworche,awalworchepa@upenn.edu,885-619-5091,5/10/1988
912,Stephana,Lorentzen,slorentzenpb@un.org,567-717-1900,6/28/1920
913,Ofella,Toomey,otoomeypc@utexas.edu,784-574-2470,2/4/1923
914,Ardenia,Astridge,aastridgepd@fema.gov,736-390-8175,9/4/1913
915,Pyotr,Dudmarsh,pdudmarshpe@go.com,543-531-5888,8/4/1915
916,Kasper,Guyver,kguyverpf@bloglovin.com,939-718-4967,10/9/1915
917,Tonye,Dennert,tdennertpg@qq.com,272-790-2334,10/12/1955
918,Vale,Meighan,vmeighanph@amazon.co.uk,392-555-6946,3/8/1975
919,Tallie,Matovic,tmatovicpi@addtoany.com,365-891-0548,8/23/1948
920,Leanna,Thalmann,lthalmannpj@patch.com,412-411-3939,11/6/1954
921,Delainey,Masey,dmaseypk@wiley.com,141-641-4642,7/30/1911
922,Tallulah,Dismore,tdismorepl@xinhuanet.com,999-289-2963,9/27/1996
923,Giulietta,Twist,gtwistpm@netlog.com,864-419-9800,6/8/1949
924,Hayden,Ducaen,hducaenpn@elegantthemes.com,599-959-8720,5/3/1975
925,Joanna,Barstow,jbarstowpo@umn.edu,123-621-1404,10/11/2000
926,Evelyn,Bleackly,ebleacklypp@odnoklassniki.ru,106-168-9161,9/21/1911
927,Mack,Maytum,mmaytumpq@businessinsider.com,574-440-1499,7/28/1985
928,Kelby,Grimster,kgrimsterpr@parallels.com,991-377-8159,1/10/1986
929,Selma,O'Dea,sodeaps@webeden.co.uk,994-379-2932,10/23/1901
930,Grete,Andras,gandraspt@barnesandnoble.com,270-190-8073,5/26/1968
931,Adina,Greengrass,agreengrasspu@cpanel.net,259-782-1897,9/19/1917
932,Wheeler,Tineman,wtinemanpv@psu.edu,654-157-9522,7/26/1946
933,Jessamyn,Shute,jshutepw@addtoany.com,948-702-6186,5/17/1934
934,Winslow,Conduit,wconduitpx@reverbnation.com,411-475-1240,8/21/1937
935,Geneva,Vearncomb,gvearncombpy@amazon.com,771-426-0862,1/19/1906
936,Loni,Joskovitch,ljoskovitchpz@webnode.com,162-651-7908,12/19/1933
937,Floria,Vogeller,fvogellerq0@ifeng.com,914-772-5885,1/2/1914
938,Judi,Capes,jcapesq1@slate.com,187-173-6768,5/13/1956
939,Delores,Worrell,dworrellq2@unesco.org,929-384-1702,12/27/1945
940,Gui,Cauldfield,gcauldfieldq3@vimeo.com,872-982-4272,11/9/1963
941,Jobey,Jinda,jjindaq4@google.ca,503-996-6672,12/31/1926
942,Dorrie,Castro,dcastroq5@sfgate.com,682-572-0815,8/20/1918
943,Delmar,Damp,ddampq6@ibm.com,171-106-2220,4/10/1926
944,Sydel,Penhaleurack,spenhaleurackq7@toplist.cz,954-795-1728,6/23/1955
945,Morgen,Bellefant,mbellefantq8@ow.ly,323-995-4337,3/18/1908
946,Evaleen,Glyne,eglyneq9@delicious.com,732-414-1530,5/22/1989
947,Fernandina,Cretney,fcretneyqa@miitbeian.gov.cn,279-927-4856,12/6/1908
948,Theresa,Woollin,twoollinqb@sourceforge.net,584-352-6173,7/3/1982
949,Karmen,Lemonby,klemonbyqc@google.com.br,506-608-3929,12/28/1920
950,Carlyle,Mourbey,cmourbeyqd@youtu.be,787-945-6025,9/7/1937
951,Dorella,Barrabeale,dbarrabealeqe@macromedia.com,361-785-4732,11/28/1941
952,Maxim,Bloyes,mbloyesqf@goodreads.com,821-817-8967,4/17/1976
953,Tomkin,Brenton,tbrentonqg@hc360.com,866-584-5972,2/11/1995
954,Marve,Snowdon,msnowdonqh@mac.com,829-591-3559,8/2/1995
955,Rutter,Wear,rwearqi@ameblo.jp,499-357-9580,3/10/1955
956,Celestyn,Sommerling,csommerlingqj@guardian.co.uk,386-344-5465,5/25/1926
957,Michele,Pretley,mpretleyqk@businessweek.com,687-381-9390,6/19/1905
958,Lenard,Bearfoot,lbearfootql@123-reg.co.uk,768-754-6743,4/20/1913
959,Lisetta,Penhaleurack,lpenhaleurackqm@baidu.com,378-145-8373,1/2/1965
960,Tod,Spreull,tspreullqn@usnews.com,822-994-6484,11/14/1919
961,Birk,Kuschek,bkuschekqo@mediafire.com,728-225-5119,5/20/1989
962,Mindy,Ollerenshaw,mollerenshawqp@irs.gov,913-600-9575,8/9/1992
963,Nata,MacDearmid,nmacdearmidqq@wikia.com,261-484-7830,6/21/2002
964,Adan,Diboll,adibollqr@nps.gov,774-967-4372,10/18/1991
965,Kirbee,Crystal,kcrystalqs@google.co.jp,370-239-1578,8/13/1922
966,Katharyn,Dimelow,kdimelowqt@xing.com,687-566-3601,1/18/1946
967,Tish,Engeham,tengehamqu@blogtalkradio.com,429-953-2007,9/23/1982
968,Tracie,Tring,ttringqv@purevolume.com,473-504-3166,8/23/1971
969,Loutitia,Geffen,lgeffenqw@freewebs.com,365-349-7721,9/21/1905
970,Abraham,Paybody,apaybodyqx@alexa.com,514-504-7330,3/20/1925
971,Darcy,Mansfield,dmansfieldqy@sohu.com,448-894-6059,10/13/1946
972,Ingra,Janecki,ijaneckiqz@patch.com,683-906-1726,11/3/1991
973,Romona,Guillart,rguillartr0@whitehouse.gov,976-134-0367,1/9/1917
974,Tony,Garvill,tgarvillr1@hc360.com,958-592-9741,4/23/1933
975,Almeta,Knolles-Green,aknollesgreenr2@mail.ru,377-605-4476,5/29/1979
976,Clair,Crebo,ccrebor3@wiley.com,590-785-1790,8/18/1982
977,Lynn,Twitchett,ltwitchettr4@e-recht24.de,107-661-7970,3/19/2001
978,Elicia,Itzakovitz,eitzakovitzr5@netscape.com,598-811-9554,1/13/1901
979,Lanette,Heavy,lheavyr6@netlog.com,261-233-3283,2/24/1903
980,Cad,Brafield,cbrafieldr7@bing.com,114-888-8823,6/17/1975
981,Cyb,Cammidge,ccammidger8@usatoday.com,139-801-2201,10/19/1959
982,Adena,Gecke,agecker9@ucsd.edu,691-690-5679,4/12/2001
983,Artur,Tomczak,atomczakra@webnode.com,815-188-4533,1/13/1929
984,Berget,Rickeard,brickeardrb@samsung.com,974-566-8993,3/3/1985
985,Sher,Splevin,ssplevinrc@free.fr,644-979-3952,9/23/1962
986,Skylar,Manger,smangerrd@taobao.com,718-694-3100,6/18/1948
987,Hillary,Kamen,hkamenre@umich.edu,715-593-5436,12/7/1961
988,Fleming,Measom,fmeasomrf@loc.gov,505-796-8169,2/11/1940
989,Ramsay,Jopling,rjoplingrg@quantcast.com,415-766-8500,6/15/1943
990,Nikaniki,Smaile,nsmailerh@wunderground.com,456-773-2016,11/25/1925
991,Eirena,Norley,enorleyri@addthis.com,437-764-1045,9/8/1901
992,Brose,Laurant,blaurantrj@usatoday.com,810-865-8242,12/20/1960
993,Ezra,Brendel,ebrendelrk@ustream.tv,772-575-5702,12/21/1957
994,Natalee,Bollom,nbollomrl@dion.ne.jp,782-160-5211,8/3/1922
995,Klement,Collumbell,kcollumbellrm@state.gov,252-121-2615,5/22/1930
996,Alfred,Phinnessy,aphinnessyrn@engadget.com,828-267-4002,3/15/1998
997,Cazzie,Loader,cloaderro@google.com.br,825-605-0404,2/26/1918
998,Sergei,Doust,sdoustrp@cafepress.com,782-216-6166,8/9/1909
999,Esmeralda,Franiak,efraniakrq@baidu.com,909-268-1107,8/7/1911
1000,Cairistiona,Kelsell,ckelsellrr@psu.edu,752-154-7053,9/30/2000
